framework,mode,repeat,wall_seconds,cpu_seconds,cpu_percent_one_core,mean_rss_bytes,peak_rss_bytes,samples,workload_ticks,exit_code
zgui,idle,0,15.02174574509263,0.0,0.0,108974080.0,108974080,300,0,0
gpui,idle,0,14.992655597627163,0.029999999999999805,0.20009797333534296,114688000.0,114688000,299,0,0
quickgui,idle,0,15.090780389495194,0.0,0.0,137867264.0,137867264,301,0,0
zgui,stream,0,14.999173611402512,3.96,26.401454524065052,113750016.0,113750016,299,1199,0
gpui,stream,0,15.034157282672822,32.629999999999995,217.03910226884977,115678904.32,116277248,300,1197,0
quickgui,stream,0,15.085025048814714,25.639999999999997,169.9698868051573,141229998.35215947,142426112,301,1199,0
zgui,scroll,0,14.982051072642207,1.63,10.879685245342953,117714944.0,117714944,299,1199,0
gpui,scroll,0,15.03547343891114,30.889999999999997,205.4474714448169,113811456.0,113811456,300,1199,0
quickgui,scroll,0,15.092502035200596,24.29,160.9408429652543,145252719.4152824,145412096,301,1199,0
zgui,both,0,14.983107347972691,4.38,29.232921437972887,117444608.0,117444608,299,1199,0
gpui,both,0,15.036214769817889,32.8,218.1400073231147,114864988.16,115015680,300,1196,0
quickgui,both,0,15.090298037976027,25.759999999999998,170.70570730394294,147143792.26578072,147238912,301,1199,0
gpui,idle,1,15.034959907643497,0.020000000000000018,0.13302330117842473,115421184.0,115421184,300,0,0
quickgui,idle,1,15.096710866317153,0.0,0.0,137502720.0,137502720,301,0,0
zgui,idle,1,15.037220480851829,0.0,0.0,108208128.0,108208128,300,0,0
gpui,stream,1,15.033484768122435,32.620000000000005,216.98229321500148,114595089.06666666,114679808,300,1192,0
quickgui,stream,1,15.094034282490611,27.340000000000003,181.13116406337411,141415679.14950165,142794752,301,1198,0
zgui,stream,1,15.010138222016394,4.16,27.71460154776086,114765824.0,114765824,299,1198,0
gpui,scroll,1,15.033884787932038,30.760000000000005,204.60446806597582,114294784.0,114294784,300,1196,0
quickgui,scroll,1,15.083668127655983,24.069999999999997,159.57656848646468,144619921.43521595,144764928,301,1199,0
zgui,scroll,1,15.039689810946584,1.87,12.433767075694123,116704501.76,116760576,300,1199,0
gpui,both,1,15.057695504277945,33.08,219.68833139574284,115749819.73333333,116613120,300,1186,0
quickgui,both,1,15.13445445522666,26.830000000000005,177.27761565091834,146819446.2192691,148144128,301,1182,0
zgui,both,1,15.031828270293772,4.31,28.672493608229384,117432046.93333334,117473280,300,1199,0
quickgui,idle,2,15.137820694595575,0.0,0.0,138502632.26490065,138522624,302,0,0
zgui,idle,2,14.983888036571443,0.0,0.0,108314624.0,108314624,299,0,0
gpui,idle,2,15.026554823853076,0.020000000000000018,0.13309770758798364,113205248.0,113205248,300,0,0
quickgui,stream,2,15.087209833785892,25.559999999999995,169.41502293393984,142248160.53156146,142258176,301,1199,0
zgui,stream,2,15.03288721293211,3.7799999999999994,25.144870352970102,114191742.29333334,114237440,300,1199,0
gpui,stream,2,15.011955274268985,33.03,220.02463634177337,114595737.25752509,115601408,299,1173,0
quickgui,scroll,2,15.149097609333694,26.47,174.72987951236942,145887679.57615894,145924096,302,1197,0
zgui,scroll,2,14.994090294465423,1.88,12.538273166821867,117120969.20401338,117137408,299,1199,0
gpui,scroll,2,15.007258953526616,32.81,218.62753285995538,113147904.0,113147904,299,1193,0
quickgui,both,2,15.122753293253481,28.3,187.1352355700011,145963831.28239202,147484672,301,1195,0
zgui,both,2,14.998034592717886,4.74,31.604141000591166,119039719.17056856,119050240,299,1199,0
gpui,both,2,15.014668885618448,32.769999999999996,218.2532312210241,116252891.18394649,116842496,299,1178,0
