framework,mode,repeat,wall_seconds,cpu_seconds,cpu_percent_one_core,mean_footprint_bytes,peak_footprint_bytes,mean_rss_bytes,peak_rss_bytes,samples,workload_ticks,exit_code,terminated_after_report
zgui,idle,0,15.053,0.0005,0.0031,95943278,101745504,108273693,108380160,279,0,0,False
gpui,idle,0,15.0023,0.0552,0.3678,109063888,134578944,77639841,77774848,279,0,0,False
zgui,stream,0,15.0514,1.6416,10.9069,311183879,315458400,113225420,113295360,279,1199,0,False
gpui,stream,0,15.0137,3.0862,20.5559,281904025,282460904,77391238,79151104,278,1198,0,False
zgui,scroll,0,15.0075,0.5969,3.9774,304096939,306807672,109706445,110018560,280,1199,0,False
gpui,scroll,0,15.023,1.986,13.2195,280262098,281527016,77435188,79233024,279,1196,0,False
zgui,both,0,15.0204,1.6942,11.2794,309966457,314491744,112413217,112902144,278,1199,0,False
gpui,both,0,15.0258,3.1459,20.9367,289052954,291767040,79085332,79151104,278,1197,0,False
gpui,idle,1,15.0264,0.0551,0.3664,87973988,90899176,76797952,76890112,280,0,0,False
zgui,idle,1,15.0547,0.0003,0.0017,95506430,101581664,107993286,108085248,279,0,0,False
gpui,stream,1,15.0063,2.9845,19.8882,280339471,281412328,77427955,77463552,278,1197,0,False
zgui,stream,1,15.0223,1.5937,10.6089,309537175,313803592,111741757,111804416,279,1199,0,False
gpui,scroll,1,15.0241,2.0954,13.9466,280610564,281740008,77686412,79478784,264,1197,0,False
zgui,scroll,1,15.0006,0.5988,3.9918,304395785,307020664,110065273,110313472,262,1199,0,False
gpui,both,1,15.0433,3.2,21.2722,283008398,284279552,78517012,80478208,265,1197,0,False
zgui,both,1,15.0223,1.7326,11.5338,310145211,314491768,112539952,112869376,263,1199,0,False
zgui,idle,2,15.0389,0.0004,0.0023,95635436,101614408,108140966,108232704,262,0,0,False
gpui,idle,2,15.0567,0.0554,0.3683,113442008,242189032,76652172,76775424,264,0,0,False
zgui,stream,2,15.0329,1.6842,11.2035,309677249,313738056,111909050,112689152,264,1197,0,False
gpui,stream,2,15.0486,3.1581,20.9862,280381250,282346216,77267378,79085568,264,1194,0,False
zgui,scroll,2,15.0434,0.5995,3.9848,304818806,307413856,110426795,110690304,264,1197,0,False
gpui,scroll,2,15.0546,1.9793,13.1476,280032180,283034368,77898783,79708160,264,1195,0,False
zgui,both,2,15.0176,1.7246,11.484,312190340,316654456,115073990,115539968,263,1196,0,False
gpui,both,2,15.0098,3.1431,20.9406,283503584,284328680,78521623,78790656,264,1195,0,False
